<filetype binary="false" description="SSP files" name="SSP files">
  <highlighting>
    <options>
      <option name="LINE_COMMENT" value="" />
      <option name="COMMENT_START" value="&lt;%--" />
      <option name="COMMENT_END" value="--%&gt;" />
      <option name="HEX_PREFIX" value="" />
      <option name="NUM_POSTFIXES" value="" />
      <option name="HAS_BRACES" value="true" />
      <option name="HAS_BRACKETS" value="true" />
      <option name="HAS_PARENS" value="true" />
      <option name="HAS_STRING_ESCAPES" value="true" />
    </options>
    <keywords keywords="$;_componentDispatcher.dispatch;_inventoryComponentDispatcher.dispatch;_resources;_resources.getLabel;_resources.getString;include;layout;render;unescape" ignore_case="false" />
    <keywords3 keywords="%&gt;;&lt;%;&lt;%@" />
    <keywords4 keywords="#do;#else;#end;#for;#if;else;end;for;if;val;var" />
  </highlighting>
</filetype>