<application>
  <component name="ConsoleFoldingSettings">
    <option name="addedPositive">
      <list>
        <option value="1000 products are sent to elasti" />
        <option value="Connected to Node 127.0.0.1/localhost" />
        <option value="Could not connect to" />
        <option value="Got notified from Channel as inactive, attempting reconnect" />
        <option value="Socket connect took longer than specified timeout" />
        <option value="Disconnected from Node 127.0.0.1/localhost" />
      </list>
    </option>
  </component>
</application>