<application>
  <component name="CodeFoldingSettings">
    <option name="COLLAPSE_IMPORTS" value="false" />
  </component>
  <component name="CodeInsightSettings">
    <option name="PARAMETER_INFO_DELAY" value="200" />
    <option name="COMPLETION_CASE_SENSITIVE" value="2" />
    <option name="SHOW_FULL_SIGNATURES_IN_PARAMETER_INFO" value="true" />
    <option name="HIGHLIGHT_SCOPE" value="true" />
    <option name="OPTIMIZE_IMPORTS_ON_THE_FLY" value="true" />
  </component>
  <component name="DaemonCodeAnalyzerSettings">
    <option name="AUTOREPARSE_DELAY" value="200" />
    <option name="ERROR_STRIPE_MARK_MIN_HEIGHT" value="3" />
    <option name="SHOW_METHOD_SEPARATORS" value="true" />
  </component>
  <component name="DefaultFont">
    <option name="FONT_FAMILY" value="Fira Code Retina" />
    <option name="USE_LIGATURES" value="true" />
  </component>
  <component name="EditorSettings">
    <option name="languageBreadcrumbsMap">
      <map>
        <entry key="JAVA" value="true" />
      </map>
    </option>
    <option name="USE_SOFT_WRAPS" value="" />
    <option name="CARET_BLINKING_PERIOD" value="340" />
    <option name="SHOW_BREADCRUMBS_ABOVE" value="true" />
    <option name="IS_INDENT_GUIDES_SHOWN" value="false" />
    <option name="IS_CAMEL_WORDS" value="true" />
    <option name="IS_DND_ENABLED" value="false" />
  </component>
  <component name="JavaCodeFoldingSettings">
    <option name="collapseConstructorGenericParameters" value="false" />
    <option name="collapseLambdas" value="false" />
    <option name="collapseOneLineMethods" value="false" />
  </component>
  <component name="TodoConfiguration">
    <pattern pattern="\btodo\b.*" />
    <pattern pattern="\bfixme\b.*" />
    <pattern icon="question" useCustomColors="true" pattern="\btodo\s*:\s*batu\b">
      <option name="FOREGROUND" value="faff00" />
      <option name="FONT_TYPE" value="2" />
      <option name="EFFECT_COLOR" value="867943" />
      <option name="ERROR_STRIPE_COLOR" value="a74c0" />
      <option name="EFFECT_TYPE" value="1" />
    </pattern>
    <filter name="baybatu">
      <pattern index="2" />
    </filter>
  </component>
</application>