<application>
  <component name="FileTypeManager" version="18">
    <extensionMap>
      <mapping pattern="ReIndexJenkinsfile" type="Groovy" />
      <mapping pattern="CreateNewIndicesJenkinsfile" type="Groovy" />
      <mapping pattern="SwitchOrdersAliasJenkinsfile" type="Groovy" />
      <mapping pattern="Jenkinsfile" type="Groovy" />
      <mapping pattern="ReindexJenkinsfile" type="Groovy" />
      <mapping ext="space.kts" type="Kotlin" />
      <mapping ext="gradle.kts" type="Kotlin" />
      <mapping ext="main.kts" type="Kotlin" />
      <mapping ext="mp4" type="Native" />
      <mapping pattern="bank" type="PLAIN_TEXT" />
      <mapping pattern="CreateIndicesJenkinsfile" type="PLAIN_TEXT" />
      <mapping pattern="alg" type="PLAIN_TEXT" />
      <mapping pattern="commands" type="PLAIN_TEXT" />
      <mapping pattern="template" type="PLAIN_TEXT" />
      <mapping pattern="note" type="PLAIN_TEXT" />
      <mapping pattern="singleton" type="PLAIN_TEXT" />
      <mapping pattern="yapilacaklar" type="PLAIN_TEXT" />
      <mapping pattern="hello-js" type="PLAIN_TEXT" />
      <mapping pattern="todo" type="PLAIN_TEXT" />
      <mapping pattern="s" type="PLAIN_TEXT" />
      <mapping pattern="README" type="PLAIN_TEXT" />
      <mapping pattern="JenkinsfileCyclops" type="PLAIN_TEXT" />
      <mapping ext="ddoc" type="PLAIN_TEXT" />
      <mapping ext="flex" type="PLAIN_TEXT" />
      <mapping ext="lombok" type="PLAIN_TEXT" />
      <mapping ext="src" type="PLAIN_TEXT" />
      <mapping pattern="CustomerRepository" type="SQL" />
      <mapping pattern="N11_SOLR_NOSHIP_VIEW" type="SQL" />
      <removed_mapping ext="apk" approved="true" type="ARCHIVE" />
      <removed_mapping ext="bat" approved="true" type="PLAIN_TEXT" />
      <removed_mapping ext="cmd" approved="true" type="PLAIN_TEXT" />
      <removed_mapping ext="dockerfile" approved="true" type="textmate" />
      <removed_mapping ext="jade" approved="true" type="PLAIN_TEXT" />
      <removed_mapping ext="log" approved="true" type="PLAIN_TEXT" />
      <removed_mapping ext="makefile" approved="true" type="textmate" />
      <removed_mapping ext="psd" approved="true" type="Image" />
      <removed_mapping ext="snakefile" approved="true" type="textmate" />
      <mapping pattern=".gitignore_global" type="Git file" />
      <mapping pattern="create_rejected_orderitem_coupon_table" type="SQL files" />
    </extensionMap>
  </component>
</application>