<application>
  <component name="FindSettings">
    <option name="customScope" value="All Places" />
    <option name="defaultScopeName" value="All Places" />
    <option name="SEARCH_SCOPE" value="All Places" />
    <mask>deployment.yml</mask>
    <mask>deployment.*</mask>
    <mask>*Controller.java</mask>
    <mask>*ApiClient.java</mask>
    <mask>*Request.java</mask>
    <mask>*Field.java</mask>
    <mask>Jenkinsfile</mask>
    <mask>GlobalController*.java</mask>
    <mask>pom.xml</mask>
    <mask>values.yaml</mask>
    <mask>*.</mask>
    <mask>*java</mask>
    <mask>*Repository.java</mask>
    <mask>*xml</mask>
    <mask>*.json</mask>
    <mask>*RepositoryTest.java</mask>
    <mask>*ControllerTest.java</mask>
    <mask>*.scala</mask>
    <mask>*.sbt</mask>
    <mask>*IT.java</mask>
    <mask>*gitlab-ci.yml</mask>
    <mask>*tory.java</mask>
    <mask>*.java</mask>
    <mask>*Entity.java</mask>
    <mask>*.sql</mask>
    <mask>*.xml</mask>
    <mask>*.yml</mask>
    <mask>*.properties</mask>
    <mask>*Test.java</mask>
    <mask>*-prod.yml</mask>
  </component>
</application>