<application>
  <component name="LanguageInjectionConfiguration">
    <injection language="JSON" injector-id="java">
      <display-name>BodyContentSpec.json (org.springframework.test.web.reactive.server.WebTestClient)</display-name>
      <place><![CDATA[psiParameter().ofMethod(0, psiMethod().withName("json").withParameters("java.lang.String").definedInClass("org.springframework.test.web.reactive.server.WebTestClient.BodyContentSpec"))]]></place>
    </injection>
    <injection language="SQL" injector-id="java">
      <display-name>N1qlQuery.parameterized (com.couchbase.client.java.query)</display-name>
      <place><![CDATA[psiParameter().ofMethod(0, psiMethod().withName("parameterized").withParameters("java.lang.String", "com.couchbase.client.java.document.json.JsonObject").definedInClass("com.couchbase.client.java.query.N1qlQuery"))]]></place>
    </injection>
    <injection language="JSON" injector-id="java">
      <display-name>ObjectMapper.readValue (com.fasterxml.jackson.databind)</display-name>
      <place><![CDATA[psiParameter().ofMethod(0, psiMethod().withName("readValue").withParameters("java.lang.String", "java.lang.Class").definedInClass("com.fasterxml.jackson.databind.ObjectMapper"))]]></place>
    </injection>
    <injection language="JSON" injector-id="java">
      <display-name>PactDslResponse (au.com.dius.pact.consumer.dsl)</display-name>
      <place><![CDATA[psiParameter().ofMethod(0, psiMethod().withName("body").withParameters("java.lang.String").definedInClass("au.com.dius.pact.consumer.dsl.PactDslResponse"))]]></place>
      <place><![CDATA[psiParameter().ofMethod(0, psiMethod().withName("body").withParameters("java.lang.String", "java.lang.String").definedInClass("au.com.dius.pact.consumer.dsl.PactDslResponse"))]]></place>
      <place><![CDATA[psiParameter().ofMethod(0, psiMethod().withName("body").withParameters("java.lang.String", "org.apache.http.entity.ContentType").definedInClass("au.com.dius.pact.consumer.dsl.PactDslResponse"))]]></place>
    </injection>
    <injection language="JPAQL" injector-id="java">
      <display-name>Query (org.springframework.data.jpa.repository)</display-name>
      <place><![CDATA[psiMethod().withName("countQuery").withParameters().definedInClass("org.springframework.data.jpa.repository.Query")]]></place>
      <place disabled="true"><![CDATA[psiMethod().withName("value").withParameters().definedInClass("org.springframework.data.jpa.repository.Query")]]></place>
    </injection>
    <injection language="Groovy" injector-id="xml">
      <display-name>property/@value</display-name>
      <place><![CDATA[xmlAttribute().withLocalName(string().equalTo("value")).withParent(xmlTag().withLocalName(string().equalTo("property")))]]></place>
    </injection>
  </component>
</application>