<application>
  <component name="ActionMacroManager">
    <macro name="denemeci">
      <shortuct text="RIGHT" />
      <shortuct text="DOWN" />
      <shortuct text="DOWN" />
      <shortuct text="RIGHT" />
      <shortuct text="DOWN" />
      <shortuct text="DOWN" />
      <shortuct text="UP" />
      <shortuct text="RIGHT" />
      <shortuct text="DOWN" />
      <shortuct text="DOWN" />
      <shortuct text="RIGHT" />
      <shortuct text="DOWN" />
      <shortuct text="DOWN" />
      <shortuct text="DOWN" />
      <shortuct text="DOWN" />
      <shortuct text="RIGHT" />
      <shortuct text="DOWN" />
      <shortuct text="DOWN" />
      <action id="GotoAction" />
      <typing text-keycode="82:0;69:0;80:0;76:0;65:0;67:0;69:0;32:0;73:0;78:0;32:0">replace&amp;#x20;in&amp;#x20;</typing>
      <shortuct text="ENTER" />
      <shortuct text="ENTER" />
      <action id="GotoAction" />
      <shortuct text="ENTER" />
      <shortuct text="ENTER" />
    </macro>
    <macro name="deee">
      <shortuct text="RIGHT" />
      <shortuct text="DOWN" />
      <shortuct text="DOWN" />
      <shortuct text="DOWN" />
      <shortuct text="RIGHT" />
      <shortuct text="DOWN" />
      <shortuct text="DOWN" />
      <shortuct text="UP" />
      <shortuct text="RIGHT" />
      <shortuct text="DOWN" />
      <shortuct text="DOWN" />
      <shortuct text="RIGHT" />
      <shortuct text="RIGHT" />
      <action id="GotoAction" />
      <typing text-keycode="82:0;69:0;80:0;69:0">repe</typing>
      <action id="EditorBackSpace" />
      <typing text-keycode="76:0;65:0;67:0;69:0;32:0;73:0;78:0;32:0;80:0;65:0;84:0;72:0">lace&amp;#x20;in&amp;#x20;path</typing>
      <shortuct text="ENTER" />
      <action id="GotoAction" />
      <shortuct text="ENTER" />
    </macro>
    <macro name="ddadad">
      <shortuct text="RIGHT" />
      <shortuct text="DOWN" />
      <shortuct text="DOWN" />
      <shortuct text="DOWN" />
      <shortuct text="RIGHT" />
      <shortuct text="RIGHT" />
      <shortuct text="RIGHT" />
      <shortuct text="DOWN" />
      <shortuct text="DOWN" />
      <shortuct text="RIGHT" />
      <shortuct text="DOWN" />
      <shortuct text="DOWN" />
      <shortuct text="DOWN" />
      <shortuct text="DOWN" />
      <shortuct text="RIGHT" />
      <shortuct text="DOWN" />
      <shortuct text="DOWN" />
      <action id="GotoAction" />
      <typing text-keycode="82:0;69:0;80:0;76:0;65:0;67:0;69:0;32:0;73:0;78:0;32:0;80:0;65:0;84:0;72:0">replace&amp;#x20;in&amp;#x20;path</typing>
      <shortuct text="ENTER" />
      <shortuct text="ENTER" />
      <shortuct text="TAB" />
      <shortuct text="TAB" />
      <shortuct text="TAB" />
      <shortuct text="TAB" />
      <typing text-keycode="32:0">&amp;#x20;</typing>
      <shortuct text="DOWN" />
      <action id="GotoAction" />
      <shortuct text="ENTER" />
      <shortuct text="ENTER" />
      <shortuct text="TAB" />
      <shortuct text="TAB" />
      <shortuct text="TAB" />
      <shortuct text="TAB" />
      <typing text-keycode="32:0">&amp;#x20;</typing>
    </macro>
  </component>
</application>