<application>
  <component name="NotificationConfiguration">
    <notification groupId="AIR Packaging" />
    <notification groupId="Analyze thread dump" displayType="TOOL_WINDOW" shouldLog="false" />
    <notification groupId="Android Property Files Updating" />
    <notification groupId="Android Session Restarted" displayType="TOOL_WINDOW" />
    <notification groupId="Android XML code style notification" shouldLog="false" />
    <notification groupId="Browser Connection" />
    <notification groupId="Clean artifact" />
    <notification groupId="Common Version Control Messages" displayType="TOOL_WINDOW" />
    <notification groupId="Compiler" displayType="NONE" />
    <notification groupId="Database" displayType="TOOL_WINDOW" />
    <notification groupId="Database log" displayType="NONE" />
    <notification groupId="Debugger messages" displayType="TOOL_WINDOW" shouldLog="false" />
    <notification groupId="Docker: Dockerfile detection" displayType="NONE" shouldLog="false" />
    <notification groupId="Execution" displayType="NONE" />
    <notification groupId="External Executable Critical Failures" displayType="STICKY_BALLOON" />
    <notification groupId="Flash app not compiled before launch" displayType="TOOL_WINDOW" shouldLog="false" />
    <notification groupId="Framework Detection" />
    <notification groupId="Git Important Messages" displayType="STICKY_BALLOON" />
    <notification groupId="Git Messages" displayType="TOOL_WINDOW" />
    <notification groupId="Git Minor Notifications" />
    <notification groupId="Gradle warnings" displayType="TOOL_WINDOW" />
    <notification groupId="Grails" displayType="TOOL_WINDOW" />
    <notification groupId="Grails.Configure" />
    <notification groupId="Grammar Generator" />
    <notification groupId="Grape" />
    <notification groupId="Groovy DSL errors" />
    <notification groupId="HotSwap" displayType="TOOL_WINDOW" />
    <notification groupId="IDE Fatal Errors" displayType="NONE" />
    <notification groupId="IDE Usage Statistics" displayType="STICKY_BALLOON" shouldLog="false" />
    <notification groupId="ideavim" />
    <notification groupId="IDETalk XmlRpc Server" displayType="STICKY_BALLOON" />
    <notification groupId="JavaEE" displayType="TOOL_WINDOW" />
    <notification groupId="JavaScript debugger" displayType="TOOL_WINDOW" shouldLog="false" />
    <notification groupId="JavaScript Library Management" displayType="STICKY_BALLOON" />
    <notification groupId="LESS Compiler Error Messages" displayType="STICKY_BALLOON" />
    <notification groupId="LESS Compiler Notices" displayType="NONE" />
    <notification groupId="LESS Compiler Successful Compiles" displayType="TOOL_WINDOW" shouldLog="false" />
    <notification groupId="Load Error" />
    <notification groupId="Maven" />
    <notification groupId="Maven Import" displayType="STICKY_BALLOON" />
    <notification groupId="Maven: non-managed pom.xml" displayType="NONE" shouldLog="false" />
    <notification groupId="Node.js Boilerplate Project Generator" displayType="STICKY_BALLOON" />
    <notification groupId="OSGi important errors" displayType="STICKY_BALLOON" />
    <notification groupId="Package File" />
    <notification groupId="Parser Generator Log" displayType="NONE" />
    <notification groupId="Plugins Lifecycle Group" />
    <notification groupId="Project Loading Error" />
    <notification groupId="Reformat Code" />
    <notification groupId="SbtImportMessage" displayType="STICKY_BALLOON" />
    <notification groupId="scala" />
    <notification groupId="Skeletons" />
    <notification groupId="Source searcher" />
    <notification groupId="System Messages" />
    <notification groupId="Test Runner" displayType="NONE" />
    <notification groupId="Unknown Natures Detected" />
  </component>
</application>