<application>
  <component name="AbbreviationManager">
    <abbreviations>
      <action id="Git.Branches">
        <abbreviation name="br" />
      </action>
      <action id="Git.Pull">
        <abbreviation name="gel" />
      </action>
      <action id="Switcher">
        <abbreviation name="sw" />
      </action>
      <action id="Runner.CloseView" />
      <action id="CloseEditor" />
      <action id="Git.CompareWithBranch">
        <abbreviation name="cb" />
      </action>
      <action id="AceAction" />
      <action id="ActivateApplicationServersToolWindow">
        <abbreviation name="as" />
      </action>
      <action id="LocalHistory">
        <abbreviation name="lh" />
      </action>
      <action id="$SelectAll">
        <abbreviation name="sa" />
      </action>
      <action id="Tool_External Tools_spark-submit" />
    </abbreviations>
  </component>
</application>