<inspections profile_name="Default" version="1.0">
  <option name="myName" value="Default" />
  <option name="myLocal" value="true" />
  <inspection_tool class="Duplicates" enabled="true" level="WEAK WARNING" enabled_by_default="true">
    <scope name="Tests" level="UNUSED ENTRY" enabled="false" />
    <scope name="Production" level="WEAK WARNING" enabled="true" />
  </inspection_tool>
  <inspection_tool class="LoggerInitializedWithForeignClass" enabled="false" level="WARNING" enabled_by_default="false">
    <option name="loggerClassName" value="org.apache.log4j.Logger,org.slf4j.LoggerFactory,org.apache.commons.logging.LogFactory,java.util.logging.Logger" />
    <option name="loggerFactoryMethodName" value="getLogger,getLogger,getLog,getLogger" />
  </inspection_tool>
  <inspection_tool class="SerializableHasSerialVersionUIDField" enabled="true" level="ERROR" enabled_by_default="true">
    <option name="ignoreAnonymousInnerClasses" value="false" />
    <option name="superClassString" value="" />
  </inspection_tool>
</inspections>