<keymap version="1" name="baysetting_keymap" parent="Mac OS X">
  <action id=":cursive.repl.actions/run-top-sexp">
    <keyboard-shortcut first-keystroke="meta enter" />
  </action>
  <action id="AceAction">
    <keyboard-shortcut first-keystroke="alt a" />
  </action>
  <action id="ActivateDatabaseToolWindow">
    <keyboard-shortcut first-keystroke="meta 8" />
  </action>
  <action id="ActivateVersionControlToolWindow">
    <keyboard-shortcut first-keystroke="meta 9" />
  </action>
  <action id="Activatesbt-shell-toolwindowToolWindow" />
  <action id="Annotate">
    <keyboard-shortcut first-keystroke="meta alt a" />
  </action>
  <action id="Arrangement.Rule.Match.Condition.Move.Down" />
  <action id="Arrangement.Rule.Match.Condition.Move.Up" />
  <action id="ChangesView.AddUnversioned" />
  <action id="CheckinProject">
    <keyboard-shortcut first-keystroke="shift meta j" />
  </action>
  <action id="CloseActiveTab" />
  <action id="CloseContent" />
  <action id="CloseEditor">
    <keyboard-shortcut first-keystroke="alt q" />
  </action>
  <action id="CompareDirs" />
  <action id="CompareJars" />
  <action id="CompareTwoFiles" />
  <action id="Compile" />
  <action id="Console.Jdbc.Close">
    <keyboard-shortcut first-keystroke="shift meta f4" />
  </action>
  <action id="Console.Open" />
  <action id="Console.TableResult.ColumnsList">
    <keyboard-shortcut first-keystroke="meta f12" />
  </action>
  <action id="Console.TableResult.NavigateForeignAction">
    <keyboard-shortcut first-keystroke="meta b" />
    <mouse-shortcut keystroke="meta button1" />
    <mouse-shortcut keystroke="button2" />
  </action>
  <action id="Console.TableResult.NextPage" />
  <action id="Console.TableResult.Pin">
    <keyboard-shortcut first-keystroke="meta k" />
  </action>
  <action id="Console.TableResult.PreviousPage" />
  <action id="ContextHelp" />
  <action id="DatabaseView.CopyAction" />
  <action id="DatabaseView.ShowDiff" />
  <action id="Debug" />
  <action id="DebugClass">
    <keyboard-shortcut first-keystroke="shift ctrl f9" />
    <keyboard-shortcut first-keystroke="shift f9" />
  </action>
  <action id="DecrementWindowWidth" />
  <action id="Diagram.DeselectAll" />
  <action id="Diff.ShowSettingsPopup" />
  <action id="Diff.UpdatedFiles" />
  <action id="EditSource">
    <keyboard-shortcut first-keystroke="f1" />
  </action>
  <action id="Editor SelectAll">
    <keyboard-shortcut first-keystroke="meta a" />
  </action>
  <action id="EditorDeleteLine">
    <keyboard-shortcut first-keystroke="meta d" />
  </action>
  <action id="EditorDuplicate" />
  <action id="EditorDuplicateLines">
    <keyboard-shortcut first-keystroke="shift meta d" />
  </action>
  <action id="EditorScrollDown" />
  <action id="EditorScrollUp" />
  <action id="EditorSplitLine" />
  <action id="EditorTextEnd">
    <keyboard-shortcut first-keystroke="meta alt down" />
  </action>
  <action id="EditorTextStart">
    <keyboard-shortcut first-keystroke="meta alt up" />
  </action>
  <action id="EditorToggleInsertState">
    <keyboard-shortcut first-keystroke="shift meta i" />
  </action>
  <action id="EditorToggleShowLineNumbers">
    <keyboard-shortcut first-keystroke="ctrl meta alt s" />
  </action>
  <action id="Exit">
    <keyboard-shortcut first-keystroke="ctrl meta alt q" />
  </action>
  <action id="ExternalSystem.OpenConfig" />
  <action id="FileStructurePopup">
    <keyboard-shortcut first-keystroke="meta f12" />
    <keyboard-shortcut first-keystroke="meta y" />
  </action>
  <action id="FindInPath">
    <keyboard-shortcut first-keystroke="shift meta f" />
  </action>
  <action id="FindUsages">
    <keyboard-shortcut first-keystroke="meta f1" />
  </action>
  <action id="FrameSwitchAction">
    <keyboard-shortcut first-keystroke="alt f2" />
    <keyboard-shortcut first-keystroke="shift meta s" />
  </action>
  <action id="Git.Add" />
  <action id="Github.Create.Gist">
    <keyboard-shortcut first-keystroke="meta alt 1" />
  </action>
  <action id="GotoClass">
    <keyboard-shortcut first-keystroke="shift meta n" />
  </action>
  <action id="GotoDeclaration">
    <mouse-shortcut keystroke="meta button1" />
    <mouse-shortcut keystroke="button2" />
    <keyboard-shortcut first-keystroke="meta s" />
  </action>
  <action id="GotoFile">
    <keyboard-shortcut first-keystroke="meta n" />
    <keyboard-shortcut first-keystroke="meta o" />
  </action>
  <action id="GotoImplementation">
    <mouse-shortcut keystroke="meta alt button1" />
    <keyboard-shortcut first-keystroke="meta alt s" />
  </action>
  <action id="GotoNextBookmark">
    <keyboard-shortcut first-keystroke="ctrl close_bracket" />
  </action>
  <action id="GotoPreviousBookmark">
    <keyboard-shortcut first-keystroke="ctrl open_bracket" />
  </action>
  <action id="GotoSymbol">
    <keyboard-shortcut first-keystroke="meta b" />
  </action>
  <action id="GotoTest">
    <keyboard-shortcut first-keystroke="meta t" />
  </action>
  <action id="GuiDesigner.ShrinkSelection" />
  <action id="HideAllWindows">
    <keyboard-shortcut first-keystroke="shift meta f12" />
    <keyboard-shortcut first-keystroke="meta m" />
  </action>
  <action id="Images.Editor.ToggleGrid" />
  <action id="IncrementWindowWidth" />
  <action id="InsertLiveTemplate">
    <keyboard-shortcut first-keystroke="meta l" />
  </action>
  <action id="IpnbCodeCellAction" />
  <action id="IpnbRunAllCellsAction" />
  <action id="Jdbc.OpenTableEditor" />
  <action id="JumpToLastChange">
    <keyboard-shortcut first-keystroke="shift meta back_space" />
    <keyboard-shortcut first-keystroke="shift meta 9" />
  </action>
  <action id="JumpToNextChange">
    <keyboard-shortcut first-keystroke="shift meta 0" />
  </action>
  <action id="MakeGradleProject">
    <keyboard-shortcut first-keystroke="meta f9" />
  </action>
  <action id="MakeModule">
    <keyboard-shortcut first-keystroke="meta k" />
  </action>
  <action id="Maven.Reimport">
    <keyboard-shortcut first-keystroke="meta alt r" />
  </action>
  <action id="MethodDown">
    <keyboard-shortcut first-keystroke="meta down" />
  </action>
  <action id="MethodUp">
    <keyboard-shortcut first-keystroke="meta up" />
  </action>
  <action id="MinimizeCurrentWindow" />
  <action id="NextOccurence" />
  <action id="NextProjectWindow">
    <keyboard-shortcut first-keystroke="meta alt close_bracket" />
    <keyboard-shortcut first-keystroke="ctrl meta alt close_bracket" />
  </action>
  <action id="NextSplitter">
    <keyboard-shortcut first-keystroke="ctrl meta right" />
    <keyboard-shortcut first-keystroke="ctrl meta close_bracket" />
  </action>
  <action id="NextTab">
    <keyboard-shortcut first-keystroke="meta back_quote" />
  </action>
  <action id="OpenModuleSettings" />
  <action id="OverrideMethods">
    <keyboard-shortcut first-keystroke="shift meta o" />
  </action>
  <action id="PackageFile" />
  <action id="PrevSplitter">
    <keyboard-shortcut first-keystroke="ctrl meta left" />
    <keyboard-shortcut first-keystroke="ctrl meta open_bracket" />
  </action>
  <action id="PreviousOccurence" />
  <action id="PreviousProjectWindow">
    <keyboard-shortcut first-keystroke="meta alt open_bracket" />
    <keyboard-shortcut first-keystroke="ctrl meta alt open_bracket" />
  </action>
  <action id="PreviousTab" />
  <action id="QuickChangeScheme">
    <keyboard-shortcut first-keystroke="ctrl back_quote" />
    <keyboard-shortcut first-keystroke="ctrl alt v" />
  </action>
  <action id="QuickImplementations">
    <keyboard-shortcut first-keystroke="f4" />
    <keyboard-shortcut first-keystroke="alt s" />
  </action>
  <action id="RemoteHostView.EditSource" />
  <action id="RenameElement">
    <keyboard-shortcut first-keystroke="shift f6" />
    <keyboard-shortcut first-keystroke="meta r" />
  </action>
  <action id="Replace">
    <keyboard-shortcut first-keystroke="shift meta r" />
  </action>
  <action id="ReplaceInPath" />
  <action id="ResizeToolWindowLeft">
    <keyboard-shortcut first-keystroke="meta quote" />
  </action>
  <action id="ResizeToolWindowRight">
    <keyboard-shortcut first-keystroke="meta back_slash" />
  </action>
  <action id="Run" />
  <action id="RunClass">
    <keyboard-shortcut first-keystroke="shift ctrl f10" />
    <keyboard-shortcut first-keystroke="shift f10" />
  </action>
  <action id="RunDashboard.Debug">
    <keyboard-shortcut first-keystroke="shift meta f9" />
  </action>
  <action id="RunDashboard.Run">
    <keyboard-shortcut first-keystroke="shift meta f10" />
  </action>
  <action id="RunTargetAction" />
  <action id="SaveAll" />
  <action id="Scala.CreateScalaDocStub">
    <keyboard-shortcut first-keystroke="ctrl alt l" />
  </action>
  <action id="Scala.RunConsole" />
  <action id="Scala.ShowImplicits">
    <keyboard-shortcut first-keystroke="shift ctrl alt equals" />
    <keyboard-shortcut first-keystroke="shift ctrl alt add" />
  </action>
  <action id="SelectIn">
    <keyboard-shortcut first-keystroke="alt 1" />
  </action>
  <action id="SelectInProjectView">
    <keyboard-shortcut first-keystroke="alt 2" />
  </action>
  <action id="ShowBookmarks">
    <keyboard-shortcut first-keystroke="ctrl alt b" />
  </action>
  <action id="ShowErrorDescription" />
  <action id="ShowProjectStructureSettings" />
  <action id="SplitHorizontally">
    <keyboard-shortcut first-keystroke="shift ctrl h" />
  </action>
  <action id="SplitVertically">
    <keyboard-shortcut first-keystroke="ctrl v" />
  </action>
  <action id="Stop">
    <keyboard-shortcut first-keystroke="meta f2" />
    <mouse-shortcut keystroke="Force touch" />
  </action>
  <action id="SurroundWith" />
  <action id="SwitchApply">
    <keyboard-shortcut first-keystroke="ctrl alt enter" />
  </action>
  <action id="SwitchDown">
    <keyboard-shortcut first-keystroke="ctrl alt down" />
  </action>
  <action id="SwitchLeft">
    <keyboard-shortcut first-keystroke="ctrl alt left" />
  </action>
  <action id="SwitchRight">
    <keyboard-shortcut first-keystroke="ctrl alt right" />
  </action>
  <action id="SwitchUp">
    <keyboard-shortcut first-keystroke="ctrl alt up" />
  </action>
  <action id="Switcher">
    <keyboard-shortcut first-keystroke="alt close_bracket" />
  </action>
  <action id="TabSwitcherExtreme.NextTab" />
  <action id="TagDocumentationNavigation" />
  <action id="ToggleBookmark">
    <keyboard-shortcut first-keystroke="ctrl b" />
  </action>
  <action id="ToggleBookmarkWithMnemonic" />
  <action id="ToggleDistractionFreeMode">
    <keyboard-shortcut first-keystroke="ctrl meta alt d" />
  </action>
  <action id="UML.ShowStructure">
    <keyboard-shortcut first-keystroke="meta f12" />
  </action>
  <action id="Uml.ShowDiff" />
  <action id="Unsplit">
    <keyboard-shortcut first-keystroke="ctrl meta down" />
  </action>
  <action id="UnsplitAll">
    <keyboard-shortcut first-keystroke="ctrl meta up" />
    <keyboard-shortcut first-keystroke="ctrl meta minus" />
  </action>
  <action id="Vcs.Log.FocusTextFilter" />
  <action id="Vcs.QuickListPopupAction" />
  <action id="Vcs.ShowTabbedFileHistory">
    <keyboard-shortcut first-keystroke="ctrl meta h" />
  </action>
  <action id="Vcs.UpdateProject" />
  <action id="VcsShowNextChangeMarker">
    <keyboard-shortcut first-keystroke="shift ctrl down" />
  </action>
  <action id="VcsShowPrevChangeMarker">
    <keyboard-shortcut first-keystroke="shift ctrl up" />
  </action>
  <action id="VimPluginToggle">
    <keyboard-shortcut first-keystroke="ctrl meta alt v" />
    <keyboard-shortcut first-keystroke="alt v" />
  </action>
  <action id="WD.UploadCurrentRemoteFileAction" />
  <action id="XDebugger.CopyWatch" />
  <action id="XDebugger.MuteBreakpoints">
    <keyboard-shortcut first-keystroke="shift meta b" />
  </action>
  <action id="emacsIDEAs.AceJump">
    <keyboard-shortcut first-keystroke="alt a" />
  </action>
  <action id="emacsIDEAs.AceJumpSelect">
    <keyboard-shortcut first-keystroke="alt g" />
  </action>
  <action id="emacsIDEAs.AceJumpWord">
    <keyboard-shortcut first-keystroke="alt h" />
  </action>
  <action id="np.intellij.EpochConverterMenu">
    <keyboard-shortcut first-keystroke="ctrl meta alt e" />
  </action>
  <action id="tasks.close" />
</keymap>