<keymap version="1" name="Mac OS X copy" parent="Mac OS X">
  <action id="ActivateDatabaseToolWindow">
    <keyboard-shortcut first-keystroke="meta 8" />
  </action>
  <action id="ActivateVersionControlToolWindow">
    <keyboard-shortcut first-keystroke="meta 9" />
  </action>
  <action id="Annotate">
    <keyboard-shortcut first-keystroke="meta alt a" />
  </action>
  <action id="ChangesView.AddUnversioned" />
  <action id="CheckinProject" />
  <action id="ChooseRunConfiguration">
    <keyboard-shortcut first-keystroke="shift alt f10" />
    <keyboard-shortcut first-keystroke="shift meta f10" />
  </action>
  <action id="CloseActiveTab" />
  <action id="CloseContent">
    <keyboard-shortcut first-keystroke="meta w" />
  </action>
  <action id="CompareDirs" />
  <action id="CompareJars" />
  <action id="CompareTwoFiles" />
  <action id="Console.Jdbc.Close">
    <keyboard-shortcut first-keystroke="shift meta f4" />
  </action>
  <action id="Console.Jpa.Close">
    <keyboard-shortcut first-keystroke="shift meta f4" />
  </action>
  <action id="Console.Open" />
  <action id="Console.TableResult.NavigateForeignAction">
    <keyboard-shortcut first-keystroke="meta b" />
    <mouse-shortcut keystroke="meta button1" />
    <mouse-shortcut keystroke="button2" />
  </action>
  <action id="Console.TableResult.NextPage" />
  <action id="Console.TableResult.Pin">
    <keyboard-shortcut first-keystroke="meta k" />
  </action>
  <action id="Console.TableResult.PreviousPage" />
  <action id="ContextHelp" />
  <action id="DSM.Close">
    <keyboard-shortcut first-keystroke="shift meta f4" />
  </action>
  <action id="DatabaseView.CopyAction" />
  <action id="DatabaseView.ShowDiff" />
  <action id="DecrementWindowWidth" />
  <action id="Diagram.DeselectAll" />
  <action id="Diff.ShowSettingsPopup" />
  <action id="Diff.UpdatedFiles" />
  <action id="EditSource">
    <keyboard-shortcut first-keystroke="f1" />
  </action>
  <action id="EditorDeleteLine">
    <keyboard-shortcut first-keystroke="meta d" />
  </action>
  <action id="EditorDuplicate" />
  <action id="EditorDuplicateLines">
    <keyboard-shortcut first-keystroke="shift meta d" />
  </action>
  <action id="EditorMoveDownAndScroll">
    <keyboard-shortcut first-keystroke="alt down" />
  </action>
  <action id="EditorMoveUpAndScroll">
    <keyboard-shortcut first-keystroke="alt up" />
  </action>
  <action id="EditorScrollDown" />
  <action id="EditorScrollUp" />
  <action id="EditorSelectWord">
    <keyboard-shortcut first-keystroke="shift meta w" />
  </action>
  <action id="EditorTextEnd">
    <keyboard-shortcut first-keystroke="meta alt down" />
  </action>
  <action id="EditorTextStart">
    <keyboard-shortcut first-keystroke="meta alt up" />
  </action>
  <action id="EditorToggleInsertState">
    <keyboard-shortcut first-keystroke="shift meta i" />
  </action>
  <action id="EditorToggleShowLineNumbers">
    <keyboard-shortcut first-keystroke="ctrl meta alt s" />
  </action>
  <action id="EditorUnSelectWord">
    <keyboard-shortcut first-keystroke="shift meta s" />
  </action>
  <action id="Exit">
    <keyboard-shortcut first-keystroke="ctrl meta alt q" />
  </action>
  <action id="ExternalSystem.OpenConfig" />
  <action id="FindInPath">
    <keyboard-shortcut first-keystroke="meta s" />
  </action>
  <action id="FindUsages">
    <keyboard-shortcut first-keystroke="meta f1" />
  </action>
  <action id="Git.Add" />
  <action id="Github.Create.Gist">
    <keyboard-shortcut first-keystroke="meta alt 1" />
  </action>
  <action id="GotoDeclaration">
    <keyboard-shortcut first-keystroke="meta b" />
    <mouse-shortcut keystroke="meta button1" />
    <mouse-shortcut keystroke="button2" />
    <keyboard-shortcut first-keystroke="meta q" />
  </action>
  <action id="GotoImplementation">
    <keyboard-shortcut first-keystroke="meta alt b" />
    <mouse-shortcut keystroke="meta alt button1" />
    <keyboard-shortcut first-keystroke="meta alt q" />
  </action>
  <action id="GotoNextBookmark">
    <keyboard-shortcut first-keystroke="ctrl close_bracket" />
  </action>
  <action id="GotoPreviousBookmark">
    <keyboard-shortcut first-keystroke="ctrl open_bracket" />
  </action>
  <action id="GuiDesigner.ShrinkSelection" />
  <action id="HideAllWindows">
    <keyboard-shortcut first-keystroke="shift meta f12" />
    <keyboard-shortcut first-keystroke="meta m" />
  </action>
  <action id="IncrementWindowWidth" />
  <action id="IpnbCodeCellAction" />
  <action id="Jdbc.OpenTableEditor" />
  <action id="JumpToLastChange">
    <keyboard-shortcut first-keystroke="shift meta back_space" />
    <keyboard-shortcut first-keystroke="shift meta 9" />
  </action>
  <action id="JumpToNextChange">
    <keyboard-shortcut first-keystroke="shift meta 0" />
  </action>
  <action id="MethodDown">
    <keyboard-shortcut first-keystroke="meta down" />
  </action>
  <action id="MethodUp">
    <keyboard-shortcut first-keystroke="alt k" />
    <keyboard-shortcut first-keystroke="meta up" />
  </action>
  <action id="MinimizeCurrentWindow" />
  <action id="NextOccurence" />
  <action id="NextSplitter">
    <keyboard-shortcut first-keystroke="ctrl meta right" />
  </action>
  <action id="NextTab">
    <keyboard-shortcut first-keystroke="meta back_quote" />
  </action>
  <action id="OpenInBrowser">
    <keyboard-shortcut first-keystroke="shift meta o" />
  </action>
  <action id="OpenModuleSettings" />
  <action id="PrevSplitter">
    <keyboard-shortcut first-keystroke="ctrl meta left" />
  </action>
  <action id="PreviousOccurence" />
  <action id="PreviousTab" />
  <action id="QuickChangeScheme">
    <keyboard-shortcut first-keystroke="ctrl back_quote" />
    <keyboard-shortcut first-keystroke="ctrl alt v" />
  </action>
  <action id="QuickImplementations">
    <keyboard-shortcut first-keystroke="f4" />
  </action>
  <action id="RemoteHostView.EditSource" />
  <action id="ResizeToolWindowLeft" />
  <action id="ResizeToolWindowRight" />
  <action id="RunTargetAction" />
  <action id="SaveAll" />
  <action id="Scala.CreateScalaDocStub">
    <keyboard-shortcut first-keystroke="ctrl alt l" />
  </action>
  <action id="Scala.RunConsole" />
  <action id="ShowBookmarks">
    <keyboard-shortcut first-keystroke="ctrl alt b" />
  </action>
  <action id="ShowErrorDescription" />
  <action id="SplitHorizontally">
    <keyboard-shortcut first-keystroke="shift ctrl h" />
  </action>
  <action id="SplitVertically">
    <keyboard-shortcut first-keystroke="shift ctrl v" />
  </action>
  <action id="SwitchApply">
    <keyboard-shortcut first-keystroke="ctrl alt enter" />
  </action>
  <action id="SwitchDown">
    <keyboard-shortcut first-keystroke="ctrl alt down" />
  </action>
  <action id="SwitchLeft">
    <keyboard-shortcut first-keystroke="ctrl alt left" />
  </action>
  <action id="SwitchRight">
    <keyboard-shortcut first-keystroke="ctrl alt right" />
  </action>
  <action id="SwitchUp">
    <keyboard-shortcut first-keystroke="ctrl alt up" />
  </action>
  <action id="Switcher" />
  <action id="TagDocumentationNavigation" />
  <action id="ToggleBookmark">
    <keyboard-shortcut first-keystroke="ctrl b" />
  </action>
  <action id="ToggleBookmarkWithMnemonic" />
  <action id="ToggleDistractionFreeMode">
    <keyboard-shortcut first-keystroke="ctrl meta alt d" />
  </action>
  <action id="Uml.ShowDiff" />
  <action id="Unsplit">
    <keyboard-shortcut first-keystroke="ctrl meta down" />
  </action>
  <action id="UnsplitAll">
    <keyboard-shortcut first-keystroke="ctrl meta up" />
  </action>
  <action id="Vcs.QuickListPopupAction" />
  <action id="Vcs.ShowTabbedFileHistory">
    <keyboard-shortcut first-keystroke="ctrl meta h" />
  </action>
  <action id="Vcs.UpdateProject" />
  <action id="VimPluginToggle">
    <keyboard-shortcut first-keystroke="ctrl meta alt v" />
  </action>
  <action id="XDebugger.CopyWatch" />
  <action id="XDebugger.MuteBreakpoints">
    <keyboard-shortcut first-keystroke="shift meta b" />
  </action>
</keymap>